# ************************************************************
# Sequel Pro SQL dump
# Version 4541
#
# http://www.sequelpro.com/
# https://github.com/sequelpro/sequelpro
#
# Host: 127.0.0.1 (MySQL 5.6.24)
# Database: rutas
# Generation Time: 2016-07-07 13:26:59 +0000
# ************************************************************


/*!40101 SET @OLD_CHARACTER_SET_CLIENT=@@CHARACTER_SET_CLIENT */;
/*!40101 SET @OLD_CHARACTER_SET_RESULTS=@@CHARACTER_SET_RESULTS */;
/*!40101 SET @OLD_COLLATION_CONNECTION=@@COLLATION_CONNECTION */;
/*!40101 SET NAMES utf8 */;
/*!40014 SET @OLD_FOREIGN_KEY_CHECKS=@@FOREIGN_KEY_CHECKS, FOREIGN_KEY_CHECKS=0 */;
/*!40101 SET @OLD_SQL_MODE=@@SQL_MODE, SQL_MODE='NO_AUTO_VALUE_ON_ZERO' */;
/*!40111 SET @OLD_SQL_NOTES=@@SQL_NOTES, SQL_NOTES=0 */;


# Dump of table marcas
# ------------------------------------------------------------

DROP TABLE IF EXISTS `marcas`;

CREATE TABLE `marcas` (
  `id` smallint(6) unsigned NOT NULL AUTO_INCREMENT,
  `nombre` varchar(20) DEFAULT NULL,
  PRIMARY KEY (`id`)
) ENGINE=InnoDB DEFAULT CHARSET=utf8;

LOCK TABLES `marcas` WRITE;
/*!40000 ALTER TABLE `marcas` DISABLE KEYS */;

INSERT INTO `marcas` (`id`, `nombre`)
VALUES
	(1,'Honda'),
	(2,'Nissan'),
	(3,'Toyota'),
	(4,'Hyundai'),
	(5,'International'),
	(6,'Mitsubishi'),
	(7,'Suzuki'),
	(8,'Mazda'),
	(9,'Chevrolet');

/*!40000 ALTER TABLE `marcas` ENABLE KEYS */;
UNLOCK TABLES;


# Dump of table ruta_asignada
# ------------------------------------------------------------

DROP TABLE IF EXISTS `asignacion`;

CREATE TABLE `asignacion` (
  `id` int(11) unsigned NOT NULL AUTO_INCREMENT,
  `vehiculo` varchar(6) CHARACTER SET utf8 DEFAULT '',
  `ruta` int(11) unsigned DEFAULT NULL,
  `hora_de_partida` timestamp NULL DEFAULT NULL,
  `hora_de_llegada` timestamp NULL DEFAULT NULL,
  PRIMARY KEY (`id`),
  KEY `fk_id_vehiculo` (`vehiculo`),
  KEY `fk_id_ruta` (`ruta`),
  CONSTRAINT `fk_id_ruta` FOREIGN KEY (`ruta`) REFERENCES `rutas` (`id`) ON DELETE CASCADE ON UPDATE CASCADE,
  CONSTRAINT `fk_id_vehiculo` FOREIGN KEY (`vehiculo`) REFERENCES `vehiculos` (`placa`) ON DELETE CASCADE ON UPDATE CASCADE
) ENGINE=InnoDB DEFAULT CHARSET=utf8 COLLATE=utf8_bin;



# Dump of table rutas
# ------------------------------------------------------------

DROP TABLE IF EXISTS `rutas`;

CREATE TABLE `rutas` (
  `id` int(11) unsigned NOT NULL AUTO_INCREMENT,
  `origen` varchar(25) DEFAULT NULL,
  `destino` varchar(20) DEFAULT NULL,
  PRIMARY KEY (`id`)
) ENGINE=InnoDB DEFAULT CHARSET=utf8;

LOCK TABLES `rutas` WRITE;
/*!40000 ALTER TABLE `rutas` DISABLE KEYS */;

INSERT INTO `rutas` (`id`, `origen`, `destino`)
VALUES
	(1,'USMA','Mall Chiriquí'),
	(2,'Centro','Santa Cruz'),
	(3,'Centro','UNACHI'),
	(4,'Centro','Altos del Río');

/*!40000 ALTER TABLE `rutas` ENABLE KEYS */;
UNLOCK TABLES;


# Dump of table ubicacion
# ------------------------------------------------------------

DROP TABLE IF EXISTS `ubicacion`;

CREATE TABLE `ubicacion` (
  `id` int(11) unsigned NOT NULL AUTO_INCREMENT,
  `fechahora` timestamp NULL DEFAULT NULL,
  `asignacion` int(11) unsigned DEFAULT NULL,
  `ruta` int(11) unsigned DEFAULT NULL,
  `vehiculo` varchar(6) DEFAULT NULL,
  `latitud` varchar(20) DEFAULT NULL,
  `longitud` varchar(20) DEFAULT NULL,
  PRIMARY KEY (`id`),
  KEY `fk_asignacion` (`asignacion`),
  KEY `fk_ruta` (`ruta`),
  KEY `fk_vehiculo` (`vehiculo`),
  CONSTRAINT `fk_asignacion` FOREIGN KEY (`asignacion`) REFERENCES `asignacion` (`id`) ON DELETE CASCADE ON UPDATE CASCADE,
  CONSTRAINT `fk_ruta` FOREIGN KEY (`ruta`) REFERENCES `rutas` (`id`) ON DELETE CASCADE ON UPDATE CASCADE,
  CONSTRAINT `fk_vehiculo` FOREIGN KEY (`vehiculo`) REFERENCES `vehiculos` (`placa`) ON DELETE CASCADE ON UPDATE CASCADE
) ENGINE=InnoDB DEFAULT CHARSET=utf8;

LOCK TABLES `ubicacion` WRITE;
/*!40000 ALTER TABLE `ubicacion` DISABLE KEYS */;

INSERT INTO `ubicacion` (`id`, `fechahora`, `ruta`, `vehiculo`, `latitud`, `longitud`)
VALUES
	(1,'2016-06-27 22:20:17',1,'123456','8.43206926379766','-82.4187118038335'),
	(2,'2016-06-27 23:57:04',1,'123456','8.43207640','-82.41858114'),
	(3,'2016-06-28 01:10:24',1,'837173','1','0'),
	(4,'2016-06-29 12:28:01',1,'123456','8.42758346','-82.43199240'),
	(5,'2016-06-29 17:07:09',1,'123456','1','1'),
	(6,'2016-06-29 17:07:09',1,'123456','2','-2'),
	(7,'2016-06-29 17:09:39',1,'123456','-3','3'),
	(8,'2016-06-29 17:29:56',1,'123456','-3','-3'),
	(9,'2016-06-29 17:31:40',1,'123456','3','-3'),
	(10,'2016-06-29 17:35:46',1,'123456','1.239','-15.3235'),
	(11,'2016-06-29 20:14:34',1,'123456','8.42813391','-82.42246049'),
	(12,'2016-06-29 20:16:34',1,'123456','8.42851896','-82.42239702'),
	(13,'2016-06-29 20:17:09',1,'123456','8.42851896','-82.42239702'),
	(14,'2016-06-29 20:17:16',1,'123456','8.42851896','-82.42239702'),
	(15,'2016-06-29 20:19:23',1,'123456','8.4286226','-82.42246419'),
	(16,'2016-06-29 20:25:01',1,'123456','8.42870934','-82.42256925'),
	(17,'2016-06-29 20:25:54',1,'123456','8.42870725','-82.42256047'),
	(18,'2016-06-29 20:26:56',1,'123456','8.42870725','-82.42256047'),
	(19,'2016-06-29 20:27:41',1,'123456','8.42869794','-82.42252855'),
	(20,'2016-06-29 20:29:53',1,'123456','8.42809395','-82.42328207'),
	(21,'2016-06-29 20:30:10',1,'123456','8.42760046','-82.42228953'),
	(22,'2016-06-29 20:30:10',1,'123456','8.42760046','-82.42228953'),
	(23,'2016-06-29 20:30:14',1,'123456','8.42790456','-82.42215838'),
	(24,'2016-06-29 20:30:31',1,'123456','8.4288192','-82.42072045'),
	(25,'2016-06-29 20:30:31',1,'123456','8.4288192','-82.42072045'),
	(26,'2016-06-29 20:30:48',1,'123456','8.42958431','-82.41956229'),
	(27,'2016-06-29 20:30:48',1,'123456','8.42958431','-82.41956229'),
	(28,'2016-06-29 20:30:58',1,'123456','8.43001621','-82.42033106'),
	(29,'2016-06-29 20:30:58',1,'123456','8.43001621','-82.42033106'),
	(30,'2016-06-29 20:31:23',1,'123456','8.43048817','-82.42212563'),
	(31,'2016-06-29 20:31:23',1,'123456','8.43048817','-82.42212563'),
	(32,'2016-06-29 20:31:40',1,'123456','8.43017528','-82.42290715'),
	(33,'2016-06-29 20:31:40',1,'123456','8.43017528','-82.42290715'),
	(34,'2016-06-29 20:31:50',1,'123456','8.43068498','-82.42328213'),
	(35,'2016-06-29 20:31:50',1,'123456','8.43068498','-82.42328213'),
	(36,'2016-06-29 20:32:14',1,'123456','8.43051284','-82.42412662'),
	(37,'2016-06-29 20:32:15',1,'123456','8.43051284','-82.42412662'),
	(38,'2016-06-29 20:32:17',1,'123456','8.42972376','-82.4246882'),
	(39,'2016-06-29 20:32:17',1,'123456','8.42972376','-82.4246882'),
	(40,'2016-06-29 20:32:38',1,'123456','8.42887463','-82.42428246'),
	(41,'2016-06-29 20:32:39',1,'123456','8.42887463','-82.42428246'),
	(42,'2016-06-29 20:32:47',1,'123456','8.42855997','-82.42393683'),
	(43,'2016-06-29 20:32:47',1,'123456','8.42855997','-82.42393683'),
	(44,'2016-06-29 20:32:57',1,'123456','8.42827033','-82.42349755'),
	(45,'2016-06-29 20:32:58',1,'123456','8.42827033','-82.42349755'),
	(46,'2016-06-29 20:33:07',1,'123456','8.42822712','-82.42334343'),
	(47,'2016-06-29 20:33:08',1,'123456','8.42822712','-82.42334343'),
	(48,'2016-06-29 20:33:17',1,'123456','8.42868419','-82.42305767'),
	(49,'2016-06-29 20:33:17',1,'123456','8.42868419','-82.42305767'),
	(50,'2016-06-29 20:33:27',1,'123456','8.42902871','-82.422748'),
	(51,'2016-06-29 20:33:28',1,'123456','8.42902871','-82.422748'),
	(52,'2016-06-29 20:34:32',1,'123456','8.42862743','-82.42272318'),
	(53,'2016-06-29 20:34:32',1,'123456','8.42862743','-82.42272318'),
	(54,'2016-06-29 20:34:55',1,'123456','8.42854044','-82.42283752'),
	(55,'2016-06-29 20:34:55',1,'123456','8.42854044','-82.42283752'),
	(56,'2016-06-29 21:03:24',1,'123456','8.42861344','-82.42279295'),
	(57,'2016-06-29 21:12:35',1,'123456','8.42861344','-82.42279295'),
	(58,'2016-06-29 21:12:39',1,'123456','8.428613414','-82.42279295'),
	(59,'2016-06-30 20:33:00',1,'123456','8.42861344','-82.42279295'),
	(60,'2016-06-30 20:33:52',1,'123456','8.42861344','-82.42279295'),
	(61,'2016-06-30 20:42:30',1,'123456','8.42861344','-82.42279295'),
	(62,'2016-06-30 20:42:35',1,'123456','8.42343287','-82.44258023'),
	(63,'2016-06-30 20:42:42',1,'123456','8.42366901','-82.44256538'),
	(64,'2016-06-30 20:42:53',1,'123456','8.42372493','-82.44274935'),
	(65,'2016-06-30 20:42:53',1,'123456','8.42400874','-82.44287544'),
	(66,'2016-06-30 20:43:02',1,'123456','8.42447962','-82.44252013'),
	(67,'2016-06-30 20:43:16',1,'123456','8.42505769','-82.44196254'),
	(68,'2016-06-30 20:43:23',1,'123456','8.42596851','-82.44105236'),
	(69,'2016-06-30 20:43:28',1,'123456','8.42661498','-82.44040596'),
	(70,'2016-06-30 20:43:39',1,'123456','8.42736313','-82.4397057'),
	(71,'2016-06-30 20:43:42',1,'123456','8.42770622','-82.43936397'),
	(72,'2016-06-30 20:43:49',1,'123456','8.42817624','-82.43909414'),
	(73,'2016-06-30 20:43:57',1,'123456','8.42813218','-82.43862711'),
	(74,'2016-06-30 20:44:03',1,'123456','8.42800444','-82.43822658'),
	(75,'2016-06-30 20:44:18',1,'123456','8.42796767','-82.4381952'),
	(76,'2016-06-30 20:44:27',1,'123456','8.42781238','-82.4380285'),
	(77,'2016-06-30 20:44:32',1,'123456','8.42777825','-82.43790626'),
	(78,'2016-06-30 20:44:39',1,'123456','8.4276955','-82.43772418'),
	(79,'2016-06-30 20:44:43',1,'123456','8.42758382','-82.43754294'),
	(80,'2016-06-30 20:44:49',1,'123456','8.42749983','-82.43757738'),
	(81,'2016-06-30 20:45:02',1,'123456','8.42756026','-82.43759402'),
	(82,'2016-06-30 20:45:07',1,'123456','8.42748595','-82.43751787'),
	(83,'2016-06-30 20:45:13',1,'123456','8.42740294','-82.43742705'),
	(84,'2016-06-30 20:45:20',1,'123456','8.42722688','-82.43722852'),
	(85,'2016-06-30 20:45:24',1,'123456','8.42697642','-82.43707098'),
	(86,'2016-06-30 20:45:33',1,'123456','8.42680811','-82.4364882'),
	(87,'2016-06-30 20:45:38',1,'123456','8.42669995','-82.43635077'),
	(88,'2016-06-30 20:45:47',1,'123456','8.42675652','-82.4363711'),
	(89,'2016-06-30 20:45:54',1,'123456','8.42668737','-82.43629621'),
	(90,'2016-06-30 20:46:04',1,'123456','8.42642861','-82.43595264'),
	(91,'2016-06-30 20:46:16',1,'123456','8.42617865','-82.43557328'),
	(92,'2016-06-30 20:46:22',1,'123456','8.42608424','-82.43538516'),
	(93,'2016-06-30 20:46:28',1,'123456','8.42593902','-82.43500765'),
	(94,'2016-06-30 20:46:33',1,'123456','8.42572682','-82.4347599'),
	(95,'2016-06-30 20:46:45',1,'123456','8.42517393','-82.43403228'),
	(96,'2016-06-30 20:46:54',1,'123456','8.42498143','-82.43365816'),
	(97,'2016-06-30 20:46:59',1,'123456','8.42466713','-82.43326392'),
	(98,'2016-06-30 20:47:05',1,'123456','8.42438587','-82.43287106'),
	(99,'2016-06-30 20:47:15',1,'123456','8.42405473','-82.43239709'),
	(100,'2016-06-30 20:47:18',1,'123456','8.42384404','-82.43201182'),
	(101,'2016-06-30 20:47:23',1,'123456','8.42355732','-82.43180395'),
	(102,'2016-06-30 20:47:29',1,'123456','8.42343102','-82.43160665'),
	(103,'2016-06-30 20:47:33',1,'123456','8.42321487','-82.43119547'),
	(104,'2016-06-30 20:47:43',1,'123456','8.42272841','-82.43043062'),
	(105,'2016-06-30 20:47:49',1,'123456','8.42245583','-82.43004023'),
	(106,'2016-06-30 20:47:53',1,'123456','8.4225221','-82.42977473'),
	(107,'2016-06-30 20:47:59',1,'123456','8.42276782','-82.42941458'),
	(108,'2016-06-30 20:48:10',1,'123456','8.42345643','-82.4288852'),
	(109,'2016-06-30 20:48:13',1,'123456','8.42377861','-82.42859416'),
	(110,'2016-06-30 20:48:19',1,'123456','8.42385872','-82.42845199'),
	(111,'2016-06-30 20:48:27',1,'123456','8.42443763','-82.42793933'),
	(112,'2016-06-30 20:48:36',1,'123456','8.42480092','-82.42757493'),
	(113,'2016-06-30 20:48:41',1,'123456','8.42514146','-82.42735095'),
	(114,'2016-06-30 20:48:45',1,'123456','8.42535504','-82.42710195'),
	(115,'2016-06-30 20:48:51',1,'123456','8.42555079','-82.42687179'),
	(116,'2016-06-30 20:48:58',1,'123456','8.42591235','-82.42666502'),
	(117,'2016-06-30 20:49:05',1,'123456','8.42630428','-82.42623205'),
	(118,'2016-06-30 20:49:11',1,'123456','8.42664619','-82.42592204'),
	(119,'2016-06-30 20:49:20',1,'123456','8.42705192','-82.42572678'),
	(120,'2016-06-30 20:49:25',1,'123456','8.42716661','-82.42555547'),
	(121,'2016-06-30 20:49:32',1,'123456','8.42743063','-82.42533363'),
	(122,'2016-06-30 20:49:38',1,'123456','8.42758361','-82.4251482'),
	(123,'2016-06-30 20:49:43',1,'123456','8.42776368','-82.42501583'),
	(124,'2016-06-30 20:49:52',1,'123456','8.4282306','-82.4245765'),
	(125,'2016-06-30 20:49:58',1,'123456','8.42875404','-82.42420483'),
	(126,'2016-06-30 20:50:08',1,'123456','8.42927715','-82.42374129'),
	(127,'2016-06-30 20:50:14',1,'123456','8.42959851','-82.42353514'),
	(128,'2016-06-30 20:50:18',1,'123456','8.4298199','-82.42327323'),
	(129,'2016-06-30 20:50:27',1,'123456','8.43002795','-82.42301752'),
	(130,'2016-06-30 20:50:31',1,'123456','8.42977223','-82.4229298'),
	(131,'2016-06-30 20:50:36',1,'123456','8.42934975','-82.4228502'),
	(132,'2016-06-30 20:50:42',1,'123456','8.42896457','-82.42272361'),
	(133,'2016-06-30 20:50:53',1,'123456','8.42865773','-82.42255516'),
	(134,'2016-06-30 20:51:01',1,'123456','8.42874839','-82.42262691'),
	(135,'2016-06-30 20:51:06',1,'123456','8.42874064','-82.4227423'),
	(136,'2016-06-30 20:51:11',1,'123456','8.42875866','-82.42268261'),
	(137,'2016-06-30 20:51:28',1,'123456','8.42872387','-82.42260941'),
	(138,'2016-07-01 13:52:27',1,'123456','8.42872387','-82.42260941'),
	(139,'2016-07-01 13:55:13',1,'123456','8.42872387','-82.42260941'),
	(140,'2016-07-01 13:55:41',1,'123456','8.42872387','-82.42260941'),
	(141,'2016-07-01 13:55:41',1,'123456','8.42887007','-82.42255595'),
	(142,'2016-07-01 13:55:41',1,'123456','8.42887007','-82.42255595'),
	(143,'2016-07-01 13:55:41',1,'123456','8.42887007','-82.42255595'),
	(144,'2016-07-01 13:58:26',1,'123456','8.42886083','-82.42259822'),
	(145,'2016-07-01 13:59:08',1,'123456','8.42842855','-82.42240771'),
	(146,'2016-07-01 13:59:35',1,'123456','8.42842855','-82.42240771'),
	(147,'2016-07-01 18:49:23',1,'097392','8.42842855','-82.42240771'),
	(148,'2016-07-01 19:42:35',1,'123456','8.42842855','-82.42240771'),
	(149,'2016-07-01 19:42:50',1,'123456','8.4280291','-82.42244081'),
	(150,'2016-07-01 19:42:57',1,'123456','8.4277185','-82.42259983'),
	(151,'2016-07-01 19:43:11',1,'123456','8.42732595','-82.42343865'),
	(152,'2016-07-01 19:43:17',1,'123456','8.42692377','-82.42366508'),
	(153,'2016-07-01 19:43:28',1,'123456','8.42601821','-82.42435266'),
	(154,'2016-07-01 19:43:38',1,'123456','8.42511222','-82.42487607'),
	(155,'2016-07-01 19:43:46',1,'123456','8.42418259','-82.42543398'),
	(156,'2016-07-01 19:43:52',1,'123456','8.42361649','-82.42588817'),
	(157,'2016-07-01 19:43:57',1,'123456','8.42348361','-82.42605359'),
	(158,'2016-07-01 19:44:02',1,'123456','8.42361532','-82.42624584'),
	(159,'2016-07-01 19:44:08',1,'123456','8.42372451','-82.42636119'),
	(160,'2016-07-01 19:44:16',1,'123456','8.42376636','-82.4264383'),
	(161,'2016-07-01 19:44:21',1,'123456','8.4237301','-82.42650425'),
	(162,'2016-07-01 19:44:28',1,'123456','8.4237074','-82.42654491'),
	(163,'2016-07-01 19:44:42',1,'123456','8.42365439','-82.42654693'),
	(164,'2016-07-01 19:44:47',1,'123456','8.42378989','-82.4267555'),
	(165,'2016-07-01 19:44:52',1,'123456','8.42385672','-82.42683899'),
	(166,'2016-07-01 19:45:01',1,'123456','8.4239095','-82.42698708'),
	(167,'2016-07-01 19:45:06',1,'123456','8.42411268','-82.42726998'),
	(168,'2016-07-01 19:45:12',1,'123456','8.42451113','-82.42752942'),
	(169,'2016-07-01 19:45:17',1,'123456','8.42448806','-82.42761172'),
	(170,'2016-07-01 19:45:42',1,'123456','8.42492562','-82.428201'),
	(171,'2016-07-01 19:45:47',1,'123456','8.42530119','-82.42855828'),
	(172,'2016-07-01 19:45:52',1,'123456','8.42560109','-82.42900917'),
	(173,'2016-07-01 19:46:01',1,'123456','8.42622257','-82.42967202'),
	(174,'2016-07-01 19:46:06',1,'123456','8.42649498','-82.43015959'),
	(175,'2016-07-01 19:46:13',1,'123456','8.42685604','-82.43072613'),
	(176,'2016-07-01 19:46:22',1,'123456','8.42749289','-82.43155646'),
	(177,'2016-07-01 19:46:31',1,'123456','8.42813818','-82.43230685'),
	(178,'2016-07-01 19:46:37',1,'123456','8.42842787','-82.43270504'),
	(179,'2016-07-01 19:46:42',1,'123456','8.4287906','-82.43307706'),
	(180,'2016-07-01 19:46:47',1,'123456','8.42914569','-82.43351266'),
	(181,'2016-07-01 19:46:56',1,'123456','8.42977775','-82.43433095'),
	(182,'2016-07-01 19:47:02',1,'123456','8.43017325','-82.43479375'),
	(183,'2016-07-01 19:47:07',1,'123456','8.43045048','-82.43519922'),
	(184,'2016-07-01 19:47:12',1,'123456','8.43061429','-82.43549753'),
	(185,'2016-07-01 19:47:17',1,'123456','8.43095573','-82.43585985'),
	(186,'2016-07-01 19:47:22',1,'123456','8.43107012','-82.43624495'),
	(187,'2016-07-01 19:47:27',1,'123456','8.43090221','-82.43654769'),
	(188,'2016-07-01 19:47:32',1,'123456','8.43051576','-82.4368746'),
	(189,'2016-07-01 19:47:37',1,'123456','8.43007426','-82.43732289'),
	(190,'2016-07-01 19:47:42',1,'123456','8.42961217','-82.43772053'),
	(191,'2016-07-01 19:47:51',1,'123456','8.4287153','-82.43850484'),
	(192,'2016-07-01 19:47:57',1,'123456','8.42858915','-82.43871131'),
	(193,'2016-07-01 19:48:07',1,'123456','8.42855383','-82.43875255'),
	(194,'2016-07-01 19:48:12',1,'123456','8.42846956','-82.43886593'),
	(195,'2016-07-01 19:48:20',1,'123456','8.42834031','-82.43902091'),
	(196,'2016-07-01 19:48:25',1,'123456','8.4281534','-82.43915137'),
	(197,'2016-07-01 19:48:31',1,'123456','8.42772328','-82.43941118'),
	(198,'2016-07-01 19:48:37',1,'123456','8.42737492','-82.43982942'),
	(199,'2016-07-01 19:48:42',1,'123456','8.42709414','-82.44020683'),
	(200,'2016-07-01 19:48:47',1,'123456','8.42672443','-82.44053677'),
	(201,'2016-07-01 19:48:58',1,'123456','8.42595226','-82.44117517'),
	(202,'2016-07-01 19:49:06',1,'123456','8.42533116','-82.44167465'),
	(203,'2016-07-01 19:49:13',1,'123456','8.42505888','-82.44193437'),
	(204,'2016-07-01 19:49:22',1,'123456','8.42470595','-82.44231725'),
	(205,'2016-07-01 19:49:27',1,'123456','8.42454069','-82.44250207'),
	(206,'2016-07-01 19:49:32',1,'123456','8.42434181','-82.44260689'),
	(207,'2016-07-01 19:49:42',1,'123456','8.42415107','-82.44273848'),
	(208,'2016-07-01 19:49:51',1,'123456','8.42420072','-82.44265843'),
	(209,'2016-07-01 19:49:57',1,'123456','8.42414117','-82.44268141'),
	(210,'2016-07-01 19:50:06',1,'123456','8.42408761','-82.44271501'),
	(211,'2016-07-01 19:50:11',1,'123456','8.4240392','-82.44268533'),
	(212,'2016-07-01 19:50:22',1,'123456','8.42406865','-82.44272155'),
	(213,'2016-07-01 20:53:42',1,'123456','8.42405853','-82.44271612'),
	(214,'2016-07-01 20:53:55',1,'123456','8.42405853','-82.44271612');

/*!40000 ALTER TABLE `ubicacion` ENABLE KEYS */;
UNLOCK TABLES;


# Dump of table vehiculos
# ------------------------------------------------------------

DROP TABLE IF EXISTS `vehiculos`;

CREATE TABLE `vehiculos` (
  `placa` varchar(6) NOT NULL DEFAULT '',
  `marca` smallint(6) unsigned DEFAULT NULL,
  `modelo` varchar(20) DEFAULT NULL,
  `anno` int(11) unsigned DEFAULT NULL,
  `tipo` smallint(6) unsigned DEFAULT NULL,
  PRIMARY KEY (`placa`),
  KEY `fk_id_marcas` (`marca`),
  CONSTRAINT `fk_id_marcas` FOREIGN KEY (`marca`) REFERENCES `marcas` (`id`) ON DELETE CASCADE ON UPDATE CASCADE
) ENGINE=InnoDB DEFAULT CHARSET=utf8;

LOCK TABLES `vehiculos` WRITE;
/*!40000 ALTER TABLE `vehiculos` DISABLE KEYS */;

INSERT INTO `vehiculos` (`placa`, `marca`, `modelo`, `anno`, `tipo`)
VALUES
	('097392',5,'3800',1987,0),
	('123412',1,'Fit',2015,2),
	('123456',3,'Coaster',2003,0),
	('321123',2,'Versa',2014,2),
	('4B-123',3,'Coaster',2016,0),
	('4B1234',3,'Coaster',2016,0),
	('4B9023',3,'HiAce',2012,0),
	('4T0958',7,'Ciaz',2016,1),
	('4T1234',7,'Swift',2017,1),
	('4T2789',6,'Lancer',2000,1),
	('4T6789',9,'Aveo',2010,1),
	('4T8395',2,'Versa',2014,1),
	('4T9023',8,'323',2004,1),
	('746294',6,'Rosa',1995,0),
	('837173',4,'Elantra',2013,2),
	('923480',1,'Fit',2015,2),
	('BC4062',1,'City',2016,2),
	('RDR123',1,'Civic',2015,2),
	('RDR321',3,'Yaris',1999,1);

/*!40000 ALTER TABLE `vehiculos` ENABLE KEYS */;
UNLOCK TABLES;



/*!40111 SET SQL_NOTES=@OLD_SQL_NOTES */;
/*!40101 SET SQL_MODE=@OLD_SQL_MODE */;
/*!40014 SET FOREIGN_KEY_CHECKS=@OLD_FOREIGN_KEY_CHECKS */;
/*!40101 SET CHARACTER_SET_CLIENT=@OLD_CHARACTER_SET_CLIENT */;
/*!40101 SET CHARACTER_SET_RESULTS=@OLD_CHARACTER_SET_RESULTS */;
/*!40101 SET COLLATION_CONNECTION=@OLD_COLLATION_CONNECTION */;
