# ************************************************************
# Sequel Pro SQL dump
# Version 4541
#
# http://www.sequelpro.com/
# https://github.com/sequelpro/sequelpro
#
# Host: 127.0.0.1 (MySQL 5.6.24)
# Database: rutas
# Generation Time: 2016-06-30 18:50:35 +0000
# ************************************************************


/*!40101 SET @OLD_CHARACTER_SET_CLIENT=@@CHARACTER_SET_CLIENT */;
/*!40101 SET @OLD_CHARACTER_SET_RESULTS=@@CHARACTER_SET_RESULTS */;
/*!40101 SET @OLD_COLLATION_CONNECTION=@@COLLATION_CONNECTION */;
/*!40101 SET NAMES utf8 */;
/*!40014 SET @OLD_FOREIGN_KEY_CHECKS=@@FOREIGN_KEY_CHECKS, FOREIGN_KEY_CHECKS=0 */;
/*!40101 SET @OLD_SQL_MODE=@@SQL_MODE, SQL_MODE='NO_AUTO_VALUE_ON_ZERO' */;
/*!40111 SET @OLD_SQL_NOTES=@@SQL_NOTES, SQL_NOTES=0 */;


# Dump of table marcas
# ------------------------------------------------------------

DROP TABLE IF EXISTS `marcas`;

CREATE TABLE `marcas` (
  `id` smallint(6) unsigned NOT NULL AUTO_INCREMENT,
  `nombre` varchar(20) DEFAULT NULL,
  PRIMARY KEY (`id`)
) ENGINE=InnoDB DEFAULT CHARSET=utf8;

LOCK TABLES `marcas` WRITE;
/*!40000 ALTER TABLE `marcas` DISABLE KEYS */;

INSERT INTO `marcas` (`id`, `nombre`)
VALUES
	(1,'Honda'),
	(2,'Nissan'),
	(3,'Toyota'),
	(4,'Hyundai'),
	(5,'International'),
	(6,'Mitsubishi');

/*!40000 ALTER TABLE `marcas` ENABLE KEYS */;
UNLOCK TABLES;


# Dump of table rutas
# ------------------------------------------------------------

DROP TABLE IF EXISTS `rutas`;

CREATE TABLE `rutas` (
  `id` int(11) unsigned NOT NULL AUTO_INCREMENT,
  `partida` varchar(25) DEFAULT NULL,
  `destino` varchar(20) DEFAULT NULL,
  PRIMARY KEY (`id`)
) ENGINE=InnoDB DEFAULT CHARSET=utf8;

LOCK TABLES `rutas` WRITE;
/*!40000 ALTER TABLE `rutas` DISABLE KEYS */;

INSERT INTO `rutas` (`id`, `partida`, `destino`)
VALUES
	(1,'San Carlitos','Mall Chiriquí');

/*!40000 ALTER TABLE `rutas` ENABLE KEYS */;
UNLOCK TABLES;


# Dump of table ubicacion
# ------------------------------------------------------------

DROP TABLE IF EXISTS `ubicacion`;

CREATE TABLE `ubicacion` (
  `id` int(11) unsigned NOT NULL AUTO_INCREMENT,
  `fechahora` datetime DEFAULT NULL,
  `ruta` int(11) unsigned DEFAULT NULL,
  `vehiculo` varchar(6) DEFAULT NULL,
  `latitud` varchar(20) DEFAULT NULL,
  `longitud` varchar(20) DEFAULT NULL,
  PRIMARY KEY (`id`),
  KEY `fk_ruta` (`ruta`),
  KEY `fk_vehiculo` (`vehiculo`),
  CONSTRAINT `fk_ruta` FOREIGN KEY (`ruta`) REFERENCES `rutas` (`id`) ON DELETE CASCADE ON UPDATE CASCADE,
  CONSTRAINT `fk_vehiculo` FOREIGN KEY (`vehiculo`) REFERENCES `vehiculos` (`placa`) ON DELETE CASCADE ON UPDATE CASCADE
) ENGINE=InnoDB DEFAULT CHARSET=utf8;

LOCK TABLES `ubicacion` WRITE;
/*!40000 ALTER TABLE `ubicacion` DISABLE KEYS */;

INSERT INTO `ubicacion` (`id`, `fechahora`, `ruta`, `vehiculo`, `latitud`, `longitud`)
VALUES
	(1,'2016-06-27 22:20:17',1,'123456','8.43206926379766','-82.4187118038335'),
	(2,'2016-06-27 23:57:04',1,'123456','8.43207640','-82.41858114'),
	(3,'2016-06-28 01:10:24',1,'837173','0','0'),
	(4,'2016-06-29 12:28:01',1,'123456','8.42758346','-82.43199240'),
	(5,'2016-06-29 17:07:09',1,'123456','demo','test'),
	(6,'2016-06-29 17:07:09',1,'123456','demo','test'),
	(7,'2016-06-29 17:09:39',1,'123456','demo222','test333'),
	(8,'2016-06-29 17:29:56',1,'123456','abc','def'),
	(9,'2016-06-29 17:31:40',1,'123456','abc','def'),
	(10,'2016-06-29 17:35:46',1,'123456','1.239','-15.3235'),
	(11,'2016-06-29 20:14:34',1,'123456','8.42813391','-82.42246049'),
	(12,'2016-06-29 20:16:34',1,'123456','8.42851896','-82.42239702'),
	(13,'2016-06-29 20:17:09',1,'123456','8.42851896','-82.42239702'),
	(14,'2016-06-29 20:17:16',1,'123456','8.42851896','-82.42239702'),
	(15,'2016-06-29 20:19:23',1,'123456','8.4286226','-82.42246419'),
	(16,'2016-06-29 20:25:01',1,'123456','8.42870934','-82.42256925'),
	(17,'2016-06-29 20:25:54',1,'123456','8.42870725','-82.42256047'),
	(18,'2016-06-29 20:26:56',1,'123456','8.42870725','-82.42256047'),
	(19,'2016-06-29 20:27:41',1,'123456','8.42869794','-82.42252855'),
	(20,'2016-06-29 20:29:53',1,'123456','8.42809395','-82.42328207'),
	(21,'2016-06-29 20:30:10',1,'123456','8.42760046','-82.42228953'),
	(22,'2016-06-29 20:30:10',1,'123456','8.42760046','-82.42228953'),
	(23,'2016-06-29 20:30:14',1,'123456','8.42790456','-82.42215838'),
	(24,'2016-06-29 20:30:31',1,'123456','8.4288192','-82.42072045'),
	(25,'2016-06-29 20:30:31',1,'123456','8.4288192','-82.42072045'),
	(26,'2016-06-29 20:30:48',1,'123456','8.42958431','-82.41956229'),
	(27,'2016-06-29 20:30:48',1,'123456','8.42958431','-82.41956229'),
	(28,'2016-06-29 20:30:58',1,'123456','8.43001621','-82.42033106'),
	(29,'2016-06-29 20:30:58',1,'123456','8.43001621','-82.42033106'),
	(30,'2016-06-29 20:31:23',1,'123456','8.43048817','-82.42212563'),
	(31,'2016-06-29 20:31:23',1,'123456','8.43048817','-82.42212563'),
	(32,'2016-06-29 20:31:40',1,'123456','8.43017528','-82.42290715'),
	(33,'2016-06-29 20:31:40',1,'123456','8.43017528','-82.42290715'),
	(34,'2016-06-29 20:31:50',1,'123456','8.43068498','-82.42328213'),
	(35,'2016-06-29 20:31:50',1,'123456','8.43068498','-82.42328213'),
	(36,'2016-06-29 20:32:14',1,'123456','8.43051284','-82.42412662'),
	(37,'2016-06-29 20:32:15',1,'123456','8.43051284','-82.42412662'),
	(38,'2016-06-29 20:32:17',1,'123456','8.42972376','-82.4246882'),
	(39,'2016-06-29 20:32:17',1,'123456','8.42972376','-82.4246882'),
	(40,'2016-06-29 20:32:38',1,'123456','8.42887463','-82.42428246'),
	(41,'2016-06-29 20:32:39',1,'123456','8.42887463','-82.42428246'),
	(42,'2016-06-29 20:32:47',1,'123456','8.42855997','-82.42393683'),
	(43,'2016-06-29 20:32:47',1,'123456','8.42855997','-82.42393683'),
	(44,'2016-06-29 20:32:57',1,'123456','8.42827033','-82.42349755'),
	(45,'2016-06-29 20:32:58',1,'123456','8.42827033','-82.42349755'),
	(46,'2016-06-29 20:33:07',1,'123456','8.42822712','-82.42334343'),
	(47,'2016-06-29 20:33:08',1,'123456','8.42822712','-82.42334343'),
	(48,'2016-06-29 20:33:17',1,'123456','8.42868419','-82.42305767'),
	(49,'2016-06-29 20:33:17',1,'123456','8.42868419','-82.42305767'),
	(50,'2016-06-29 20:33:27',1,'123456','8.42902871','-82.422748'),
	(51,'2016-06-29 20:33:28',1,'123456','8.42902871','-82.422748'),
	(52,'2016-06-29 20:34:32',1,'123456','8.42862743','-82.42272318'),
	(53,'2016-06-29 20:34:32',1,'123456','8.42862743','-82.42272318'),
	(54,'2016-06-29 20:34:55',1,'123456','8.42854044','-82.42283752'),
	(55,'2016-06-29 20:34:55',1,'123456','8.42854044','-82.42283752'),
	(56,'2016-06-29 21:03:24',1,'123456','8.42861344','-82.42279295'),
	(57,'2016-06-29 21:12:35',1,'123456','8.42861344','-82.42279295'),
	(58,'2016-06-29 21:12:39',1,'123456','8.428613414','-82.42279295');

/*!40000 ALTER TABLE `ubicacion` ENABLE KEYS */;
UNLOCK TABLES;


# Dump of table vehiculos
# ------------------------------------------------------------

DROP TABLE IF EXISTS `vehiculos`;

CREATE TABLE `vehiculos` (
  `placa` varchar(6) NOT NULL DEFAULT '',
  `marca` smallint(6) unsigned DEFAULT NULL,
  `modelo` varchar(20) DEFAULT NULL,
  `anno` int(11) unsigned DEFAULT NULL,
  `tipo` smallint(6) unsigned DEFAULT NULL,
  PRIMARY KEY (`placa`),
  KEY `fk_id_marcas` (`marca`),
  CONSTRAINT `fk_id_marcas` FOREIGN KEY (`marca`) REFERENCES `marcas` (`id`) ON DELETE CASCADE ON UPDATE CASCADE
) ENGINE=InnoDB DEFAULT CHARSET=utf8;

LOCK TABLES `vehiculos` WRITE;
/*!40000 ALTER TABLE `vehiculos` DISABLE KEYS */;

INSERT INTO `vehiculos` (`placa`, `marca`, `modelo`, `anno`, `tipo`)
VALUES
	('097392',5,'3800',1987,0),
	('123456',2,'Coaster',2003,0),
	('321123',2,'Versa',2014,2),
	('746294',6,'Rosa',1995,0),
	('837173',4,'Elantra',2013,2),
	('BC4062',1,'City',2016,2),
	('RDR123',1,'Civic',2015,2),
	('RDR321',3,'Yaris',1999,1);

/*!40000 ALTER TABLE `vehiculos` ENABLE KEYS */;
UNLOCK TABLES;



/*!40111 SET SQL_NOTES=@OLD_SQL_NOTES */;
/*!40101 SET SQL_MODE=@OLD_SQL_MODE */;
/*!40014 SET FOREIGN_KEY_CHECKS=@OLD_FOREIGN_KEY_CHECKS */;
/*!40101 SET CHARACTER_SET_CLIENT=@OLD_CHARACTER_SET_CLIENT */;
/*!40101 SET CHARACTER_SET_RESULTS=@OLD_CHARACTER_SET_RESULTS */;
/*!40101 SET COLLATION_CONNECTION=@OLD_COLLATION_CONNECTION */;
